第一抹信息素,http://www.jjwxc.net/onebook.php?novelid=6102782&chapterid=1,[]
第二抹信息素,http://www.jjwxc.net/onebook.php?novelid=6102782&chapterid=2,[]
第三抹信息素,http://www.jjwxc.net/onebook.php?novelid=6102782&chapterid=3,[]
第四抹信息素,http://www.jjwxc.net/onebook.php?novelid=6102782&chapterid=4,[]
第五抹信息素,http://www.jjwxc.net/onebook.php?novelid=6102782&chapterid=5,[]
第六抹信息素,http://www.jjwxc.net/onebook.php?novelid=6102782&chapterid=6,[]
第七抹信息素,http://www.jjwxc.net/onebook.php?novelid=6102782&chapterid=7,[]
第八抹信息素,http://www.jjwxc.net/onebook.php?novelid=6102782&chapterid=8,[]
第九抹信息素,http://www.jjwxc.net/onebook.php?novelid=6102782&chapterid=9,[]
第十抹信息素,http://www.jjwxc.net/onebook.php?novelid=6102782&chapterid=10,[]
第十一抹信息素,http://www.jjwxc.net/onebook.php?novelid=6102782&chapterid=11,[]
第十二抹信息素,http://www.jjwxc.net/onebook.php?novelid=6102782&chapterid=12,[]
第十三抹信息素,http://www.jjwxc.net/onebook.php?novelid=6102782&chapterid=13,[]
第十四抹信息素,http://www.jjwxc.net/onebook.php?novelid=6102782&chapterid=14,[]
第十五抹信息素,http://www.jjwxc.net/onebook.php?novelid=6102782&chapterid=15,[]
第十六抹信息素,http://www.jjwxc.net/onebook.php?novelid=6102782&chapterid=16,[]
第十七抹信息素,http://www.jjwxc.net/onebook.php?novelid=6102782&chapterid=17,[]
第十八抹信息素,http://www.jjwxc.net/onebook.php?novelid=6102782&chapterid=18,[]
第十九抹信息素,http://www.jjwxc.net/onebook.php?novelid=6102782&chapterid=19,[]
第二十抹信息素,http://www.jjwxc.net/onebook.php?novelid=6102782&chapterid=20,[]
第二十一抹信息素,http://www.jjwxc.net/onebook.php?novelid=6102782&chapterid=21,[]
第二十二抹信息素,http://www.jjwxc.net/onebook.php?novelid=6102782&chapterid=22,[]
第二十三抹信息素,http://www.jjwxc.net/onebook.php?novelid=6102782&chapterid=23,[]
第二十四抹信息素,http://www.jjwxc.net/onebook.php?novelid=6102782&chapterid=24,[]
第二十五抹信息素,http://www.jjwxc.net/onebook.php?novelid=6102782&chapterid=25,[]
第二十六抹信息素,http://www.jjwxc.net/onebook.php?novelid=6102782&chapterid=26,[]
第二十七抹信息素,http://www.jjwxc.net/onebook.php?novelid=6102782&chapterid=27,[]
第二十八抹信息素,http://www.jjwxc.net/onebook.php?novelid=6102782&chapterid=28,[]
第二十九抹信息素,http://www.jjwxc.net/onebook.php?novelid=6102782&chapterid=29,[]
第三十抹信息素,http://www.jjwxc.net/onebook.php?novelid=6102782&chapterid=30,[]
第三十一抹信息素,http://www.jjwxc.net/onebook.php?novelid=6102782&chapterid=31,[]
第三十二抹信息素,http://www.jjwxc.net/onebook.php?novelid=6102782&chapterid=32,[]
第三十三抹信息素,http://www.jjwxc.net/onebook.php?novelid=6102782&chapterid=33,[]
第三十四抹信息素,http://www.jjwxc.net/onebook.php?novelid=6102782&chapterid=34,[]
第三十五抹信息素,http://www.jjwxc.net/onebook.php?novelid=6102782&chapterid=35,[]
第三十六抹信息素,http://www.jjwxc.net/onebook.php?novelid=6102782&chapterid=36,[]
第三十七抹信息素,http://www.jjwxc.net/onebook.php?novelid=6102782&chapterid=37,[]
第三十八抹信息素,http://www.jjwxc.net/onebook.php?novelid=6102782&chapterid=38,[]
第三十九抹信息素,http://www.jjwxc.net/onebook.php?novelid=6102782&chapterid=39,[]
第四十抹信息素,http://www.jjwxc.net/onebook.php?novelid=6102782&chapterid=40,[]
第四十一抹信息素,http://www.jjwxc.net/onebook.php?novelid=6102782&chapterid=41,[]
第四十二抹信息素,http://www.jjwxc.net/onebook.php?novelid=6102782&chapterid=42,[]
第四十三抹信息素,http://www.jjwxc.net/onebook.php?novelid=6102782&chapterid=43,[]
第四十四抹信息素,http://www.jjwxc.net/onebook.php?novelid=6102782&chapterid=44,[]
第四十五抹信息素,http://www.jjwxc.net/onebook.php?novelid=6102782&chapterid=45,[]
第四十六抹信息素,http://www.jjwxc.net/onebook.php?novelid=6102782&chapterid=46,[]
第四十七抹信息素,http://www.jjwxc.net/onebook.php?novelid=6102782&chapterid=47,[]
第四十八抹信息素,http://www.jjwxc.net/onebook.php?novelid=6102782&chapterid=48,[]
第四十九抹信息素,http://www.jjwxc.net/onebook.php?novelid=6102782&chapterid=49,[]
第五十抹信息素,http://www.jjwxc.net/onebook.php?novelid=6102782&chapterid=50,[]
第五十一抹信息素,http://www.jjwxc.net/onebook.php?novelid=6102782&chapterid=51,[]
第五十二抹信息素,http://www.jjwxc.net/onebook.php?novelid=6102782&chapterid=52,[]
第五十三抹信息素,http://www.jjwxc.net/onebook.php?novelid=6102782&chapterid=53,[]
第五十四抹信息素,http://www.jjwxc.net/onebook.php?novelid=6102782&chapterid=54,[]
第五十五抹信息素,http://www.jjwxc.net/onebook.php?novelid=6102782&chapterid=55,[]
第五十六抹信息素,http://www.jjwxc.net/onebook.php?novelid=6102782&chapterid=56,[]
第五十七抹信息素,http://www.jjwxc.net/onebook.php?novelid=6102782&chapterid=57,[]
第五十八抹信息素,http://www.jjwxc.net/onebook.php?novelid=6102782&chapterid=58,[]
第五十九抹信息素,http://www.jjwxc.net/onebook.php?novelid=6102782&chapterid=59,[]
第六十抹信息素,http://www.jjwxc.net/onebook.php?novelid=6102782&chapterid=60,[]
第六十一抹信息素,http://www.jjwxc.net/onebook.php?novelid=6102782&chapterid=61,[]
第六十二抹信息素,http://www.jjwxc.net/onebook.php?novelid=6102782&chapterid=62,[]
第六十三抹信息素,http://www.jjwxc.net/onebook.php?novelid=6102782&chapterid=63,[]
第六十四抹信息素,http://www.jjwxc.net/onebook.php?novelid=6102782&chapterid=64,[]
第六十五抹信息素,http://www.jjwxc.net/onebook.php?novelid=6102782&chapterid=65,[]
第六十六抹信息素,http://www.jjwxc.net/onebook.php?novelid=6102782&chapterid=66,[]
第六十七抹信息素,http://www.jjwxc.net/onebook.php?novelid=6102782&chapterid=67,[]
第六十八抹信息素,http://www.jjwxc.net/onebook.php?novelid=6102782&chapterid=68,[]
第六十九抹信息素,http://www.jjwxc.net/onebook.php?novelid=6102782&chapterid=69,[]
第七十抹信息素,http://www.jjwxc.net/onebook.php?novelid=6102782&chapterid=70,[]
第七十一抹信息素,http://www.jjwxc.net/onebook.php?novelid=6102782&chapterid=71,[]
第七十二抹信息素,http://www.jjwxc.net/onebook.php?novelid=6102782&chapterid=72,[]
第一抹信息素,http://www.jjwxc.net/onebook.php?novelid=6102782&chapterid=1,[]
第一抹信息素,http://www.jjwxc.net/onebook.php?novelid=6102782&chapterid=1,[]
第二抹信息素,http://www.jjwxc.net/onebook.php?novelid=6102782&chapterid=2,[]
